<?xml version="1.0" encoding="UTF-8"?>
<project-private xmlns="http://www.netbeans.org/ns/project-private/1">
    <editor-bookmarks xmlns="http://www.netbeans.org/ns/editor-bookmarks/2" lastBookmarkId="0"/>
    <open-files xmlns="http://www.netbeans.org/ns/projectui-open-files/2">
        <group>
            <file>file:/C:/Users/pavan/OneDrive/Documents/NetBeansProjects/MMS/web/login.jsp</file>
            <file>file:/C:/Users/pavan/OneDrive/Documents/NetBeansProjects/MMS/web/allpostedcomIssues.jsp</file>
            <file>file:/C:/Users/pavan/OneDrive/Documents/NetBeansProjects/MMS/web/login.html</file>
            <file>file:/C:/Users/pavan/OneDrive/Documents/NetBeansProjects/MMS/web/allpostedpenIssues.jsp</file>
            <file>file:/C:/Users/pavan/OneDrive/Documents/NetBeansProjects/MMS/web/Adminshome.html</file>
            <file>file:/C:/Users/pavan/OneDrive/Documents/NetBeansProjects/MMS/web/index.html</file>
        </group>
    </open-files>
</project-private>
